acronym,module,hierarchy_score
VISp,Visual,-0.420983039
AUDp,Auditory,-0.276399042
SSp-n,Somatomotor,-0.26206579
SSp-ll,Somatomotor,-0.236494626
AUDd,Auditory,-0.234480634
SSp-ul,Somatomotor,-0.187118156
SSp-m,Somatomotor,-0.182198511
SSp-bfd,Somatomotor,-0.157092165
SSs,Somatomotor,-0.139776034
AIp,Lateral,-0.094928109
VISl,Visual,-0.085552019
VISrl,Visual,-0.054969795
RSPd,Medial,-0.048532391
MOp,Somatomotor,-0.04447529
VISli,Visual,-0.042451312
VISpl,Visual,-0.003856483
RSPagl,Medial,0.000427627
RSPv,Medial,0.013591614
VISal,Visual,0.022612886
VISpm,Medial,0.112409304
AId,Lateral,0.12755433
SSp-tr,Somatomotor,0.12868933
ORBl,Prefrontal,0.203131609
AUDpo,Auditory,0.206045926
PL,Prefrontal,0.215276069
ORBm,Prefrontal,0.226129651
ILA,Prefrontal,0.226357527
FRP,Prefrontal,0.227416663
VISpor,Visual,0.236680632
ACAv,Prefrontal,0.24940771
VISam,Medial,0.274742343
VISa,Medial,0.278479074
MOs,Somatomotor,0.315825785
TEa,Lateral,0.33199761
AIv,Lateral,0.332424191
ACAd,Prefrontal,0.358589333
ORBvl,Prefrontal,0.386146821
AUDv,Auditory,
SSp-un,Somatomotor,
ECT,Lateral,
GU,Lateral,
PERI,Lateral,
VISC,Lateral,
