name,group,age_days,share_subdir,mapping_cohort,mapping_order
MG691_Gria1,rws,,,rws,13
MG692_Gria1,rws,,,rws,14
MG693_Gria1,rws,,,rws,15
MG736_Gria1,rws,,,rws,16
MG737_Gria1,rws,,,rws,17
CGF027_Gria1,naive,,,naive,8
CGF028_Gria1,naive,,,naive,9
CGF033_Gria1,naive,,,naive,10
CGF034_Gria1,naive,,,naive,11
CGF035_Gria1,naive,,,naive,12
MG705_Gria1,behavior,,,,
MG706_Gria1,behavior,,,,
MG709_Gria1,behavior,,,,
MG716_Gria1,behavior,,,,
MG718_Gria1,behavior,,,,
MG725_Gria1,behavior,,,,
MG727_Gria1,behavior,,,,
MG895_SepGluA_P36,young,36,Anatomy\Axioscan,,
MG896_SepGluA_P28,young,28,Anatomy\Axioscan,,
MG897_SepGluA_P20,young,20,Anatomy\Axioscan,young_P20,1
MG903_SepGluA_P20,young,20,,young_P20,2
MG904_SepGluA_P22,young,22,,young_P22,7
MG906_SepGluA_P32,young,32,,,
MG907_SepGluA_P36,young,36,,,
MG908_SepGluA_P32,young,32,,,
MG909_SepGluA_P20,young,20,,young_P20,4
MG910_SepGluA_P20,young,20,,young_P20,5
MG911_SepGluA_P16,young,16,,young_P16,6
MG912_SepGluA_P20,young,20,,,
MG913_SepGluA_P20,young,20,,young_P20,3
MG914_SepGluA_P28,young,28,,,
