old_path,new_path
P0_copy_raw_data.m,preprocessing/run_copy_raw_data.m
P1_extract_and_center_data.m,preprocessing/run_extract_and_center.m
P1bis_order_slices.m,preprocessing/run_order_slices.m
P2_residual_correction_analysis.m,preprocessing/run_residual_correction.m
P2bis_nano_correction_analysis.m,preprocessing/run_nano_equalisation.m
P3_annotate_artifacts.m,preprocessing/run_annotate_artifacts.m
make_ordering_volume.m,preprocessing/make_ordering_volume.m
make_atlas_reference_sheet.m,preprocessing/make_atlas_reference_sheet.m
BioformatsImage/explore_czi_G.m,preprocessing/explore_czi.m
ArtifactAnnotator.m,preprocessing/pipeline/ArtifactAnnotator.m
select_reference_pixels.m,preprocessing/pipeline/select_reference_pixels.m
P4_register_to_atlas.m,registration/run_register_to_atlas.m
P4bis_add_sep_channel.m,registration/run_add_sep_channel.m
remap_control_points.m,registration/remap_control_points.m
auto_annotate.m,registration/pipeline/auto_annotate.m
recompute_backvalues.m,registration/pipeline/recompute_backvalues.m
check_registration_error.m,registration/qc/check_registration_error.m
verify_demba_setup.m,registration/qc/verify_demba_setup.m
auto_annotation/.gitignore,registration/auto_annotation/.gitignore
auto_annotation/README.md,registration/auto_annotation/README.md
auto_annotation/cli.py,registration/auto_annotation/cli.py
auto_annotation/core.py,registration/auto_annotation/core.py
auto_annotation/requirements.txt,
auto_annotation/weights/VERSION.txt,registration/auto_annotation/weights/VERSION.txt
auto_annotation/weights/landmark.pt,registration/auto_annotation/weights/landmark.pt
auto_annotation/weights/matcher.pt,registration/auto_annotation/weights/matcher.pt
setup_auto_annotation.ps1,registration/auto_annotation/setup.ps1
get_atlas.m,atlas/get_atlas.m
get_atlas_crop.m,atlas/get_atlas_crop.m
cohort_atlas_key.m,atlas/cohort_atlas_key.m
get_allen_region_mask.m,atlas/get_allen_region_mask.m
build_demba_atlas.py,atlas/build_demba_atlas.py
atlas_diagnostics.m,atlas/qc/atlas_diagnostics.m
check_demba_to_allen.m,atlas/qc/check_demba_to_allen.m
compare_atlas_regions.m,atlas/qc/compare_atlas_regions.m
compare_atlases_montage.m,atlas/qc/compare_atlases_montage.m
get_cohort.m,common/get_cohort.m
get_cohort_spec.m,common/get_cohort_spec.m
loadVolume.m,common/loadVolume.m
compute_lr_stats.m,common/compute_lr_stats.m
get_color2color_colormap.m,common/get_color2color_colormap.m
select_background_pixels.m,common/select_background_pixels.m
P5_collect_data_by_group.m,group_comparison/run_collect_by_group.m
P6bis_analyze_group_averages_and_normalize.m,group_comparison/run_normalise_groups.m
P7bis_analyze_group_differences.m,group_comparison/run_group_differences.m
write_lr_indiv_rolling_video.m,group_comparison/pipeline/write_lr_indiv_rolling_video.m
write_lr_indiv_video.m,group_comparison/pipeline/write_lr_indiv_video.m
write_lr_indiv_video_signed.m,group_comparison/pipeline/write_lr_indiv_video_signed.m
write_lr_video.m,group_comparison/pipeline/write_lr_video.m
write_lr_video_surpmask.m,group_comparison/pipeline/write_lr_video_surpmask.m
write_lr_video_surpmask_rolling.m,group_comparison/pipeline/write_lr_video_surpmask_rolling.m
P8_characterize_merged_distribution.m,adult_matlab/run_characterize_distribution.m
P9_compare_nano_vs_allen_ish.m,adult_matlab/run_compare_with_allen_ish.m
P10_compare_nano_vs_auto.m,adult_matlab/run_compare_nano_with_autofluorescence.m
plot_violinplot.m,adult_matlab/plot_violinplot.m
test_backward_compat.m,tests/test_backward_compat.m
BioformatsImage/extractAxioscanImages.m,archive/extractAxioscanImages.m
LightSuite-main/.gitattributes,third_party/LightSuite/.gitattributes
LightSuite-main/.gitignore,third_party/LightSuite/.gitignore
LightSuite-main/LICENSE,third_party/LightSuite/LICENSE
LightSuite-main/README.md,third_party/LightSuite/README.md
LightSuite-main/allenCCF_repo_functions/allen_ccf_colormap_2017.mat,third_party/LightSuite/allenCCF_repo_functions/allen_ccf_colormap_2017.mat
LightSuite-main/allenCCF_repo_functions/brainGridData.npy,third_party/LightSuite/allenCCF_repo_functions/brainGridData.npy
LightSuite-main/allenCCF_repo_functions/fitSimilarityTrans3D.m,third_party/LightSuite/allenCCF_repo_functions/fitSimilarityTrans3D.m
LightSuite-main/allenCCF_repo_functions/init_register.m,third_party/LightSuite/allenCCF_repo_functions/init_register.m
LightSuite-main/allenCCF_repo_functions/loadStructureTree.m,third_party/LightSuite/allenCCF_repo_functions/loadStructureTree.m
LightSuite-main/allenCCF_repo_functions/natsort.m,third_party/LightSuite/allenCCF_repo_functions/natsort.m
LightSuite-main/allenCCF_repo_functions/natsortfiles.m,third_party/LightSuite/allenCCF_repo_functions/natsortfiles.m
LightSuite-main/allenCCF_repo_functions/plotBrainGrid.m,third_party/LightSuite/allenCCF_repo_functions/plotBrainGrid.m
LightSuite-main/allenCCF_repo_functions/procToAffine.m,third_party/LightSuite/allenCCF_repo_functions/procToAffine.m
LightSuite-main/allenCCF_repo_functions/scratch_cell_atlas_densities.m,third_party/LightSuite/allenCCF_repo_functions/scratch_cell_atlas_densities.m
LightSuite-main/atlas_counting/atlasCellMap.m,third_party/LightSuite/atlas_counting/atlasCellMap.m
LightSuite-main/atlas_counting/atlasTreeToMat.m,third_party/LightSuite/atlas_counting/atlasTreeToMat.m
LightSuite-main/atlas_counting/backSliceVolumeToAtlas.m,third_party/LightSuite/atlas_counting/backSliceVolumeToAtlas.m
LightSuite-main/atlas_counting/backVolumeToAtlas.m,third_party/LightSuite/atlas_counting/backVolumeToAtlas.m
LightSuite-main/atlas_counting/findCellsInAtlasRegion.m,third_party/LightSuite/atlas_counting/findCellsInAtlasRegion.m
LightSuite-main/atlas_counting/fitProbCellModelCv.m,third_party/LightSuite/atlas_counting/fitProbCellModelCv.m
LightSuite-main/atlas_counting/groupCellsIntoLeafRegions.m,third_party/LightSuite/atlas_counting/groupCellsIntoLeafRegions.m
LightSuite-main/atlas_counting/leafRegionStatistics.m,third_party/LightSuite/atlas_counting/leafRegionStatistics.m
LightSuite-main/atlas_counting/loadMouseAtlasPoints.m,third_party/LightSuite/atlas_counting/loadMouseAtlasPoints.m
LightSuite-main/atlas_counting/loadMouseBackgroundSignal.m,third_party/LightSuite/atlas_counting/loadMouseBackgroundSignal.m
LightSuite-main/atlas_counting/moveToAtlasTest.m,third_party/LightSuite/atlas_counting/moveToAtlasTest.m
LightSuite-main/atlas_counting/reorganizeAreas.m,third_party/LightSuite/atlas_counting/reorganizeAreas.m
LightSuite-main/atlas_counting/sanitizeCellCoords.m,third_party/LightSuite/atlas_counting/sanitizeCellCoords.m
LightSuite-main/atlas_counting/standardAreaDensities.m,third_party/LightSuite/atlas_counting/standardAreaDensities.m
LightSuite-main/atlas_counting/volumePointsToAtlas.m,third_party/LightSuite/atlas_counting/volumePointsToAtlas.m
LightSuite-main/cell_counting/cellDetector.m,third_party/LightSuite/cell_counting/cellDetector.m
LightSuite-main/cell_counting/cellDetector2D.m,third_party/LightSuite/cell_counting/cellDetector2D.m
LightSuite-main/cell_counting/extractCellsFromSliceVolume.m,third_party/LightSuite/cell_counting/extractCellsFromSliceVolume.m
LightSuite-main/cell_counting/extractCellsFromVolume.m,third_party/LightSuite/cell_counting/extractCellsFromVolume.m
LightSuite-main/cell_counting/getCellImages2D.m,third_party/LightSuite/cell_counting/getCellImages2D.m
LightSuite-main/cell_counting/preprocessColmVolumeBatches.m,third_party/LightSuite/cell_counting/preprocessColmVolumeBatches.m
LightSuite-main/cell_counting/spatial_bandpass_3d.m,third_party/LightSuite/cell_counting/spatial_bandpass_3d.m
LightSuite-main/compare_mice.m,third_party/LightSuite/compare_mice.m
LightSuite-main/control_point_gui/atlasNavigator.m,third_party/LightSuite/control_point_gui/atlasNavigator.m
LightSuite-main/control_point_gui/blankImage.m,third_party/LightSuite/control_point_gui/blankImage.m
LightSuite-main/control_point_gui/blankImage_alt.m,third_party/LightSuite/control_point_gui/blankImage_alt.m
LightSuite-main/control_point_gui/blankImage_slice.m,third_party/LightSuite/control_point_gui/blankImage_slice.m
LightSuite-main/control_point_gui/determineCuttingAngleGUI.m,third_party/LightSuite/control_point_gui/determineCuttingAngleGUI.m
LightSuite-main/control_point_gui/matchControlPoints.m,third_party/LightSuite/control_point_gui/matchControlPoints.m
LightSuite-main/control_point_gui/matchControlPointsInSliceVolume.m,third_party/LightSuite/control_point_gui/matchControlPointsInSliceVolume.m
LightSuite-main/control_point_gui/matchControlPointsInSlices.m,third_party/LightSuite/control_point_gui/matchControlPointsInSlices.m
LightSuite-main/elastix/addElastixRepoPaths.m,third_party/LightSuite/elastix/addElastixRepoPaths.m
LightSuite-main/helpers/ICP_finite.m,third_party/LightSuite/helpers/ICP_finite.m
LightSuite-main/helpers/ICP_finite_2d.m,third_party/LightSuite/helpers/ICP_finite_2d.m
LightSuite-main/helpers/clearHistory.m,third_party/LightSuite/helpers/clearHistory.m
LightSuite-main/helpers/copyStructBtoA.m,third_party/LightSuite/helpers/copyStructBtoA.m
LightSuite-main/helpers/fastSavePNG/LICENSE.md,third_party/LightSuite/helpers/fastSavePNG/LICENSE.md
LightSuite-main/helpers/fastSavePNG/README.md,third_party/LightSuite/helpers/fastSavePNG/README.md
LightSuite-main/helpers/fastSavePNG/miniz.c,third_party/LightSuite/helpers/fastSavePNG/miniz.c
LightSuite-main/helpers/fastSavePNG/miniz.mexw64,third_party/LightSuite/helpers/fastSavePNG/miniz.mexw64
LightSuite-main/helpers/fastSavePNG/savepng.cpp,third_party/LightSuite/helpers/fastSavePNG/savepng.cpp
LightSuite-main/helpers/fastSavePNG/savepng.m,third_party/LightSuite/helpers/fastSavePNG/savepng.m
LightSuite-main/helpers/fastSavePNG/savepng.mexw64,third_party/LightSuite/helpers/fastSavePNG/savepng.mexw64
LightSuite-main/helpers/fastSavePNG/savepngFast.m,third_party/LightSuite/helpers/fastSavePNG/savepngFast.m
LightSuite-main/helpers/findIndicesLocation.m,third_party/LightSuite/helpers/findIndicesLocation.m
LightSuite-main/helpers/fminlbfgs.m,third_party/LightSuite/helpers/fminlbfgs.m
LightSuite-main/helpers/generateAnnotationMovie.m,third_party/LightSuite/helpers/generateAnnotationMovie.m
LightSuite-main/helpers/getAnnotationBoundaries.m,third_party/LightSuite/helpers/getAnnotationBoundaries.m
LightSuite-main/helpers/getImageLimits.m,third_party/LightSuite/helpers/getImageLimits.m
LightSuite-main/helpers/getOr.m,third_party/LightSuite/helpers/getOr.m
LightSuite-main/helpers/get_free_mem.m,third_party/LightSuite/helpers/get_free_mem.m
LightSuite-main/helpers/icp.m,third_party/LightSuite/helpers/icp.m
LightSuite-main/helpers/makeNewDir.m,third_party/LightSuite/helpers/makeNewDir.m
LightSuite-main/helpers/maybe_gpu.m,third_party/LightSuite/helpers/maybe_gpu.m
LightSuite-main/helpers/movepoints.m,third_party/LightSuite/helpers/movepoints.m
LightSuite-main/helpers/my_min.m,third_party/LightSuite/helpers/my_min.m
LightSuite-main/helpers/panel.m,third_party/LightSuite/helpers/panel.m
LightSuite-main/helpers/parseSettingsFile.m,third_party/LightSuite/helpers/parseSettingsFile.m
LightSuite-main/helpers/plotAnnotationComparison.m,third_party/LightSuite/helpers/plotAnnotationComparison.m
LightSuite-main/helpers/plotRegistrationComparison.m,third_party/LightSuite/helpers/plotRegistrationComparison.m
LightSuite-main/helpers/plotSliceComparison.m,third_party/LightSuite/helpers/plotSliceComparison.m
LightSuite-main/helpers/print2array.m,third_party/LightSuite/helpers/print2array.m
LightSuite-main/helpers/rollingMedian.mexw64,third_party/LightSuite/helpers/rollingMedian.mexw64
LightSuite-main/helpers/rotm2axang_custom.m,third_party/LightSuite/helpers/rotm2axang_custom.m
LightSuite-main/helpers/saveastiff.m,third_party/LightSuite/helpers/saveastiff.m
LightSuite-main/helpers/spatial_bandpass.m,third_party/LightSuite/helpers/spatial_bandpass.m
LightSuite-main/helpers/volumeIdtoImage.m,third_party/LightSuite/helpers/volumeIdtoImage.m
LightSuite-main/images/example_bspline.PNG,third_party/LightSuite/images/example_bspline.PNG
LightSuite-main/images/example_slice_registration.png,third_party/LightSuite/images/example_slice_registration.png
LightSuite-main/local_settings.txt,third_party/LightSuite/local_settings.txt
LightSuite-main/ls_analyze_lightsheet_volume.m,third_party/LightSuite/ls_analyze_lightsheet_volume.m
LightSuite-main/ls_analyze_slice_volume.m,third_party/LightSuite/ls_analyze_slice_volume.m
LightSuite-main/preprocessing/inifile.m,third_party/LightSuite/preprocessing/inifile.m
LightSuite-main/preprocessing/loadColmTileInfo.m,third_party/LightSuite/preprocessing/loadColmTileInfo.m
LightSuite-main/preprocessing/preprocessColmVolume.m,third_party/LightSuite/preprocessing/preprocessColmVolume.m
LightSuite-main/preprocessing/readLightsheetOpts.m,third_party/LightSuite/preprocessing/readLightsheetOpts.m
LightSuite-main/preprocessing/runJetrawCompressColm.m,third_party/LightSuite/preprocessing/runJetrawCompressColm.m
LightSuite-main/preprocessing/runJetrawDecompressColm.m,third_party/LightSuite/preprocessing/runJetrawDecompressColm.m
LightSuite-main/registration/bsplineRegisterSlice.m,third_party/LightSuite/registration/bsplineRegisterSlice.m
LightSuite-main/registration/extractHighSFVolumePoints.m,third_party/LightSuite/registration/extractHighSFVolumePoints.m
LightSuite-main/registration/extractVolumePoints.m,third_party/LightSuite/registration/extractVolumePoints.m
LightSuite-main/registration/fitAffineTrans3D.m,third_party/LightSuite/registration/fitAffineTrans3D.m
LightSuite-main/registration/fitRigidTrans3D.m,third_party/LightSuite/registration/fitRigidTrans3D.m
LightSuite-main/registration/initializeRegistration.m,third_party/LightSuite/registration/initializeRegistration.m
LightSuite-main/registration/multiobjRegistration.m,third_party/LightSuite/registration/multiobjRegistration.m
LightSuite-main/registration/performMultObjAffineRegistration.m,third_party/LightSuite/registration/performMultObjAffineRegistration.m
LightSuite-main/registration/performMultObjBsplineRegistration.m,third_party/LightSuite/registration/performMultObjBsplineRegistration.m
LightSuite-main/registration/registerAtlasToSlice.m,third_party/LightSuite/registration/registerAtlasToSlice.m
LightSuite-main/registration/rigid3dToRigid2d.m,third_party/LightSuite/registration/rigid3dToRigid2d.m
LightSuite-main/registration/selectPtsForAffine.m,third_party/LightSuite/registration/selectPtsForAffine.m
LightSuite-main/registration/transformAnnotationVolume.m,third_party/LightSuite/registration/transformAnnotationVolume.m
LightSuite-main/registration/transformControlPoints.m,third_party/LightSuite/registration/transformControlPoints.m
LightSuite-main/scripts/protocol_manuscript_align_volume.m,third_party/LightSuite/scripts/protocol_manuscript_align_volume.m
LightSuite-main/scripts/protocol_manuscript_generate_plots.m,third_party/LightSuite/scripts/protocol_manuscript_generate_plots.m
LightSuite-main/slice_module/InteractiveSliceReorder.m,third_party/LightSuite/slice_module/InteractiveSliceReorder.m
LightSuite-main/slice_module/SliceFlipper.m,third_party/LightSuite/slice_module/SliceFlipper.m
LightSuite-main/slice_module/SliceOrderEditor.m,third_party/LightSuite/slice_module/SliceOrderEditor.m
LightSuite-main/slice_module/alignAtlasToSample.m,third_party/LightSuite/slice_module/alignAtlasToSample.m
LightSuite-main/slice_module/alignConsecutiveSlices.m,third_party/LightSuite/slice_module/alignConsecutiveSlices.m
LightSuite-main/slice_module/alignConsecutiveSlicesFlip.m,third_party/LightSuite/slice_module/alignConsecutiveSlicesFlip.m
LightSuite-main/slice_module/alignSliceVolume.m,third_party/LightSuite/slice_module/alignSliceVolume.m
LightSuite-main/slice_module/applyAngleToTransform.m,third_party/LightSuite/slice_module/applyAngleToTransform.m
LightSuite-main/slice_module/applyConsecutiveTransforms.m,third_party/LightSuite/slice_module/applyConsecutiveTransforms.m
LightSuite-main/slice_module/bulkAlignToAllen.m,third_party/LightSuite/slice_module/bulkAlignToAllen.m
LightSuite-main/slice_module/coarseAlignSliceVolumeToAtlas.m,third_party/LightSuite/slice_module/coarseAlignSliceVolumeToAtlas.m
LightSuite-main/slice_module/composeTransforms.m,third_party/LightSuite/slice_module/composeTransforms.m
LightSuite-main/slice_module/extractBrainLimits.m,third_party/LightSuite/slice_module/extractBrainLimits.m
LightSuite-main/slice_module/extractBrainLimits2.m,third_party/LightSuite/slice_module/extractBrainLimits2.m
LightSuite-main/slice_module/extractBrainLimits3.m,third_party/LightSuite/slice_module/extractBrainLimits3.m
LightSuite-main/slice_module/fitPointCloudsAffine.m,third_party/LightSuite/slice_module/fitPointCloudsAffine.m
LightSuite-main/slice_module/generateRegisteredSliceVolume.m,third_party/LightSuite/slice_module/generateRegisteredSliceVolume.m
LightSuite-main/slice_module/generateReordedVolume.m,third_party/LightSuite/slice_module/generateReordedVolume.m
LightSuite-main/slice_module/generateSliceVolume.m,third_party/LightSuite/slice_module/generateSliceVolume.m
LightSuite-main/slice_module/getRigidlyAlignedVolume.m,third_party/LightSuite/slice_module/getRigidlyAlignedVolume.m
LightSuite-main/slice_module/getSliceInfo.m,third_party/LightSuite/slice_module/getSliceInfo.m
LightSuite-main/slice_module/loadLargeSliceVolume.m,third_party/LightSuite/slice_module/loadLargeSliceVolume.m
LightSuite-main/slice_module/loadSliceOrderFile.m,third_party/LightSuite/slice_module/loadSliceOrderFile.m
LightSuite-main/slice_module/refineSampleFromAtlas.m,third_party/LightSuite/slice_module/refineSampleFromAtlas.m
LightSuite-main/slice_module/registerSlicesToAtlas.m,third_party/LightSuite/slice_module/registerSlicesToAtlas.m
LightSuite-main/slice_module/reportRotationAngles.m,third_party/LightSuite/slice_module/reportRotationAngles.m
LightSuite-main/slice_module/saveLargeSliceVolume.m,third_party/LightSuite/slice_module/saveLargeSliceVolume.m
LightSuite-main/slice_module/slicePointsToAtlas.m,third_party/LightSuite/slice_module/slicePointsToAtlas.m
LightSuite-main/slice_module/writeVolumeForDeepSlice.m,third_party/LightSuite/slice_module/writeVolumeForDeepSlice.m
LightSuite-main/unsorted/downsampleLightsheetVolume.m,third_party/LightSuite/unsorted/downsampleLightsheetVolume.m
LightSuite-main/unsorted/generateAreaMovie.m,third_party/LightSuite/unsorted/generateAreaMovie.m
LightSuite-main/unsorted/generate_cp_list.m,third_party/LightSuite/unsorted/generate_cp_list.m
LightSuite-main/unsorted/generate_cp_list_adv.m,third_party/LightSuite/unsorted/generate_cp_list_adv.m
LightSuite-main/unsorted/generate_cp_list_alt.m,third_party/LightSuite/unsorted/generate_cp_list_alt.m
LightSuite-main/unsorted/generate_cp_list_slices.m,third_party/LightSuite/unsorted/generate_cp_list_slices.m
LightSuite-main/unsorted/prepareRegistrationImage.m,third_party/LightSuite/unsorted/prepareRegistrationImage.m
LightSuite-main/unsorted/preprocessColmVolumeSimple.m,third_party/LightSuite/unsorted/preprocessColmVolumeSimple.m
LightSuite-main/unsorted/preprocessColmVolumeTotal.m,third_party/LightSuite/unsorted/preprocessColmVolumeTotal.m
LightSuite-main/unsorted/readDownStack.m,third_party/LightSuite/unsorted/readDownStack.m
LightSuite-main/unsorted/readGubraAtlas.m,third_party/LightSuite/unsorted/readGubraAtlas.m
LightSuite-main/unsorted/runDeepslicePipeline.m,third_party/LightSuite/unsorted/runDeepslicePipeline.m
LightSuite-main/unsorted/run_deepslice.py,third_party/LightSuite/unsorted/run_deepslice.py
LightSuite-main/unsorted/saveLightsheetVolume.m,third_party/LightSuite/unsorted/saveLightsheetVolume.m
LightSuite-main/unsorted/scratch_cell_counter.m,third_party/LightSuite/unsorted/scratch_cell_counter.m
LightSuite-main/unsorted/scratch_simple_slices.m,third_party/LightSuite/unsorted/scratch_simple_slices.m
matlab_elastix-master/.gitignore,third_party/matlab_elastix/.gitignore
matlab_elastix-master/LICENSE,third_party/matlab_elastix/LICENSE
matlab_elastix-master/MelastiX_examples/.gitignore,third_party/matlab_elastix/MelastiX_examples/.gitignore
matlab_elastix-master/MelastiX_examples/elastix/AtW_parameters_1.txt,third_party/matlab_elastix/MelastiX_examples/elastix/AtW_parameters_1.txt
matlab_elastix-master/MelastiX_examples/elastix/AtW_parameters_2.txt,third_party/matlab_elastix/MelastiX_examples/elastix/AtW_parameters_2.txt
matlab_elastix-master/MelastiX_examples/elastix/RUN_ALL.m,third_party/matlab_elastix/MelastiX_examples/elastix/RUN_ALL.m
matlab_elastix-master/MelastiX_examples/elastix/example_2D_affineThenWarping.m,third_party/matlab_elastix/MelastiX_examples/elastix/example_2D_affineThenWarping.m
matlab_elastix-master/MelastiX_examples/elastix/example_2D_affineThenWarping_withParams.m,third_party/matlab_elastix/MelastiX_examples/elastix/example_2D_affineThenWarping_withParams.m
matlab_elastix-master/MelastiX_examples/elastix/example_2D_affine_alpha.m,third_party/matlab_elastix/MelastiX_examples/elastix/example_2D_affine_alpha.m
matlab_elastix-master/MelastiX_examples/elastix/example_2D_affine_nSpatialSamples.m,third_party/matlab_elastix/MelastiX_examples/elastix/example_2D_affine_nSpatialSamples.m
matlab_elastix-master/MelastiX_examples/elastix/example_2D_warping.m,third_party/matlab_elastix/MelastiX_examples/elastix/example_2D_warping.m
matlab_elastix-master/MelastiX_examples/elastix/lena.mat,third_party/matlab_elastix/MelastiX_examples/elastix/lena.mat
matlab_elastix-master/MelastiX_examples/elastix/private/distortLena.m,third_party/matlab_elastix/MelastiX_examples/elastix/private/distortLena.m
matlab_elastix-master/MelastiX_examples/elastix/private/getOffsets.m,third_party/matlab_elastix/MelastiX_examples/elastix/private/getOffsets.m
matlab_elastix-master/MelastiX_examples/elastix/private/paramsReporter.m,third_party/matlab_elastix/MelastiX_examples/elastix/private/paramsReporter.m
matlab_elastix-master/MelastiX_examples/invert_transform/example_invert.m,third_party/matlab_elastix/MelastiX_examples/invert_transform/example_invert.m
matlab_elastix-master/MelastiX_examples/invert_transform/params_0.txt,third_party/matlab_elastix/MelastiX_examples/invert_transform/params_0.txt
matlab_elastix-master/MelastiX_examples/invert_transform/params_1.txt,third_party/matlab_elastix/MelastiX_examples/invert_transform/params_1.txt
matlab_elastix-master/MelastiX_examples/invert_transform/points_on_deformed_dog.csv,third_party/matlab_elastix/MelastiX_examples/invert_transform/points_on_deformed_dog.csv
matlab_elastix-master/MelastiX_examples/transformix/RUN_ALL.m,third_party/matlab_elastix/MelastiX_examples/transformix/RUN_ALL.m
matlab_elastix-master/MelastiX_examples/transformix/applyLenaTransform2Dog.m,third_party/matlab_elastix/MelastiX_examples/transformix/applyLenaTransform2Dog.m
matlab_elastix-master/MelastiX_examples/transformix/applyLenaTransform2Dog_params/TransformParameters.0.txt,third_party/matlab_elastix/MelastiX_examples/transformix/applyLenaTransform2Dog_params/TransformParameters.0.txt
matlab_elastix-master/MelastiX_examples/transformix/applyLenaTransform2Dog_params/TransformParameters.1.txt,third_party/matlab_elastix/MelastiX_examples/transformix/applyLenaTransform2Dog_params/TransformParameters.1.txt
matlab_elastix-master/MelastiX_examples/transformix/applyLenaTransform2Dog_withParams.m,third_party/matlab_elastix/MelastiX_examples/transformix/applyLenaTransform2Dog_withParams.m
matlab_elastix-master/MelastiX_examples/transformix/dog_warp_results.png,third_party/matlab_elastix/MelastiX_examples/transformix/dog_warp_results.png
matlab_elastix-master/MelastiX_examples/transformix/params.mat,third_party/matlab_elastix/MelastiX_examples/transformix/params.mat
matlab_elastix-master/MelastiX_examples/transformix/points_on_deformed_dog.csv,third_party/matlab_elastix/MelastiX_examples/transformix/points_on_deformed_dog.csv
matlab_elastix-master/MelastiX_examples/transformix/points_on_raw_dog.csv,third_party/matlab_elastix/MelastiX_examples/transformix/points_on_raw_dog.csv
matlab_elastix-master/MelastiX_examples/transformix/private/distortLena.m,third_party/matlab_elastix/MelastiX_examples/transformix/private/distortLena.m
matlab_elastix-master/MelastiX_examples/transformix/transformSparsePoints_forward.m,third_party/matlab_elastix/MelastiX_examples/transformix/transformSparsePoints_forward.m
matlab_elastix-master/MelastiX_examples/transformix/uma.mat,third_party/matlab_elastix/MelastiX_examples/transformix/uma.mat
matlab_elastix-master/MelastiX_examples/transformix/uma.tiff,third_party/matlab_elastix/MelastiX_examples/transformix/uma.tiff
matlab_elastix-master/MelastiX_examples/transformix/uma_distorted.tiff,third_party/matlab_elastix/MelastiX_examples/transformix/uma_distorted.tiff
matlab_elastix-master/README.md,third_party/matlab_elastix/README.md
matlab_elastix-master/code/+melastix/updateTransformFileDirFields.m,third_party/matlab_elastix/code/+melastix/updateTransformFileDirFields.m
matlab_elastix-master/code/changeParameterInElastixFile.m,third_party/matlab_elastix/code/changeParameterInElastixFile.m
matlab_elastix-master/code/elastix.m,third_party/matlab_elastix/code/elastix.m
matlab_elastix-master/code/elastixYAML2struct.m,third_party/matlab_elastix/code/elastixYAML2struct.m
matlab_elastix-master/code/elastix_default.yml,third_party/matlab_elastix/code/elastix_default.yml
matlab_elastix-master/code/elastix_paramStruct2txt.m,third_party/matlab_elastix/code/elastix_paramStruct2txt.m
matlab_elastix-master/code/elastix_parameter_read.m,third_party/matlab_elastix/code/elastix_parameter_read.m
matlab_elastix-master/code/elastix_parameter_write.m,third_party/matlab_elastix/code/elastix_parameter_write.m
matlab_elastix-master/code/invertElastixTransform.m,third_party/matlab_elastix/code/invertElastixTransform.m
matlab_elastix-master/code/invertElastixTransformCP.m,third_party/matlab_elastix/code/invertElastixTransformCP.m
matlab_elastix-master/code/mhd_read.m,third_party/matlab_elastix/code/mhd_read.m
matlab_elastix-master/code/mhd_read_header.m,third_party/matlab_elastix/code/mhd_read_header.m
matlab_elastix-master/code/mhd_read_volume.m,third_party/matlab_elastix/code/mhd_read_volume.m
matlab_elastix-master/code/mhd_write.m,third_party/matlab_elastix/code/mhd_write.m
matlab_elastix-master/code/private/load3Dtiff.m,third_party/matlab_elastix/code/private/load3Dtiff.m
matlab_elastix-master/code/readTransformedPointsFile.m,third_party/matlab_elastix/code/readTransformedPointsFile.m
matlab_elastix-master/code/readWholeTextFile.m,third_party/matlab_elastix/code/readWholeTextFile.m
matlab_elastix-master/code/readme.txt,third_party/matlab_elastix/code/readme.txt
matlab_elastix-master/code/run_transformix.m,third_party/matlab_elastix/code/run_transformix.m
matlab_elastix-master/code/struct2varargin.m,third_party/matlab_elastix/code/struct2varargin.m
matlab_elastix-master/code/transformix.m,third_party/matlab_elastix/code/transformix.m
matlab_elastix-master/code/validateElastixParam.m,third_party/matlab_elastix/code/validateElastixParam.m
matlab_elastix-master/code/writePointsFile.m,third_party/matlab_elastix/code/writePointsFile.m
matlab_elastix-master/example_parameter_files/parameters_Affine.txt,third_party/matlab_elastix/example_parameter_files/parameters_Affine.txt
matlab_elastix-master/example_parameter_files/parameters_BSpline.txt,third_party/matlab_elastix/example_parameter_files/parameters_BSpline.txt
matlab_elastix-master/example_parameter_files/parameters_Rigid.txt,third_party/matlab_elastix/example_parameter_files/parameters_Rigid.txt
matlab_elastix-master/example_parameter_files/parameters_Translation.txt,third_party/matlab_elastix/example_parameter_files/parameters_Translation.txt
yamlmatlab/+yaml/DateTime.m,third_party/yamlmatlab/+yaml/DateTime.m
yamlmatlab/+yaml/ReadYaml.m,third_party/yamlmatlab/+yaml/ReadYaml.m
yamlmatlab/+yaml/ReadYamlRaw.m,third_party/yamlmatlab/+yaml/ReadYamlRaw.m
yamlmatlab/+yaml/Tests/Data/test_import/file1.yaml,third_party/yamlmatlab/+yaml/Tests/Data/test_import/file1.yaml
yamlmatlab/+yaml/Tests/Data/test_import/file2.yaml,third_party/yamlmatlab/+yaml/Tests/Data/test_import/file2.yaml
yamlmatlab/+yaml/Tests/Data/test_import/file3.yaml,third_party/yamlmatlab/+yaml/Tests/Data/test_import/file3.yaml
yamlmatlab/+yaml/Tests/Data/test_import/file4.yaml,third_party/yamlmatlab/+yaml/Tests/Data/test_import/file4.yaml
yamlmatlab/+yaml/Tests/Data/test_import/import.mat,third_party/yamlmatlab/+yaml/Tests/Data/test_import/import.mat
yamlmatlab/+yaml/Tests/Data/test_import/import.yaml,third_party/yamlmatlab/+yaml/Tests/Data/test_import/import.yaml
yamlmatlab/+yaml/Tests/Data/test_import/import_def.mat,third_party/yamlmatlab/+yaml/Tests/Data/test_import/import_def.mat
yamlmatlab/+yaml/Tests/Data/test_import/import_def.yaml,third_party/yamlmatlab/+yaml/Tests/Data/test_import/import_def.yaml
yamlmatlab/+yaml/Tests/Data/test_import/import_nonex.yaml,third_party/yamlmatlab/+yaml/Tests/Data/test_import/import_nonex.yaml
yamlmatlab/+yaml/Tests/Data/test_inheritance/inheritance.mat,third_party/yamlmatlab/+yaml/Tests/Data/test_inheritance/inheritance.mat
yamlmatlab/+yaml/Tests/Data/test_inheritance/inheritance.yaml,third_party/yamlmatlab/+yaml/Tests/Data/test_inheritance/inheritance.yaml
yamlmatlab/+yaml/Tests/Data/test_inheritance/inheritance_loop.yaml,third_party/yamlmatlab/+yaml/Tests/Data/test_inheritance/inheritance_loop.yaml
yamlmatlab/+yaml/Tests/Data/test_inheritance/inheritance_multiple.mat,third_party/yamlmatlab/+yaml/Tests/Data/test_inheritance/inheritance_multiple.mat
yamlmatlab/+yaml/Tests/Data/test_inheritance/inheritance_multiple.yaml,third_party/yamlmatlab/+yaml/Tests/Data/test_inheritance/inheritance_multiple.yaml
yamlmatlab/+yaml/Tests/Data/test_misc/bug6.yaml,third_party/yamlmatlab/+yaml/Tests/Data/test_misc/bug6.yaml
yamlmatlab/+yaml/Tests/Data/test_misc/dos_CRLF.yaml,third_party/yamlmatlab/+yaml/Tests/Data/test_misc/dos_CRLF.yaml
yamlmatlab/+yaml/Tests/Data/test_misc/miscellaneous.yaml,third_party/yamlmatlab/+yaml/Tests/Data/test_misc/miscellaneous.yaml
yamlmatlab/+yaml/Tests/Data/test_misc/spec_chars_utf8.yaml,third_party/yamlmatlab/+yaml/Tests/Data/test_misc/spec_chars_utf8.yaml
yamlmatlab/+yaml/Tests/Data/test_misc/unix_LF.yaml,third_party/yamlmatlab/+yaml/Tests/Data/test_misc/unix_LF.yaml
yamlmatlab/+yaml/Tests/Data/test_primitives/floating_points.mat,third_party/yamlmatlab/+yaml/Tests/Data/test_primitives/floating_points.mat
yamlmatlab/+yaml/Tests/Data/test_primitives/floating_points.yaml,third_party/yamlmatlab/+yaml/Tests/Data/test_primitives/floating_points.yaml
yamlmatlab/+yaml/Tests/Data/test_primitives/indentation.mat,third_party/yamlmatlab/+yaml/Tests/Data/test_primitives/indentation.mat
yamlmatlab/+yaml/Tests/Data/test_primitives/indentation.yaml,third_party/yamlmatlab/+yaml/Tests/Data/test_primitives/indentation.yaml
yamlmatlab/+yaml/Tests/Data/test_primitives/matrices.mat,third_party/yamlmatlab/+yaml/Tests/Data/test_primitives/matrices.mat
yamlmatlab/+yaml/Tests/Data/test_primitives/matrices.yaml,third_party/yamlmatlab/+yaml/Tests/Data/test_primitives/matrices.yaml
yamlmatlab/+yaml/Tests/Data/test_primitives/sequence_mapping.mat,third_party/yamlmatlab/+yaml/Tests/Data/test_primitives/sequence_mapping.mat
yamlmatlab/+yaml/Tests/Data/test_primitives/sequence_mapping.yaml,third_party/yamlmatlab/+yaml/Tests/Data/test_primitives/sequence_mapping.yaml
yamlmatlab/+yaml/Tests/Data/test_primitives/simple.mat,third_party/yamlmatlab/+yaml/Tests/Data/test_primitives/simple.mat
yamlmatlab/+yaml/Tests/Data/test_primitives/simple.yaml,third_party/yamlmatlab/+yaml/Tests/Data/test_primitives/simple.yaml
yamlmatlab/+yaml/Tests/Data/test_primitives/time.mat,third_party/yamlmatlab/+yaml/Tests/Data/test_primitives/time.mat
yamlmatlab/+yaml/Tests/Data/test_primitives/time.yaml,third_party/yamlmatlab/+yaml/Tests/Data/test_primitives/time.yaml
yamlmatlab/+yaml/Tests/Data/test_primitives/time_variants.mat,third_party/yamlmatlab/+yaml/Tests/Data/test_primitives/time_variants.mat
yamlmatlab/+yaml/Tests/Data/test_primitives/time_variants.yaml,third_party/yamlmatlab/+yaml/Tests/Data/test_primitives/time_variants.yaml
yamlmatlab/+yaml/Tests/Data/test_primitives/usecase_struct_01.mat,third_party/yamlmatlab/+yaml/Tests/Data/test_primitives/usecase_struct_01.mat
yamlmatlab/+yaml/Tests/Data/test_primitives/usecase_struct_01.yaml,third_party/yamlmatlab/+yaml/Tests/Data/test_primitives/usecase_struct_01.yaml
yamlmatlab/+yaml/Tests/Data/test_primitives/whitespaces.yaml,third_party/yamlmatlab/+yaml/Tests/Data/test_primitives/whitespaces.yaml
yamlmatlab/+yaml/Tests/selftest_report.html,third_party/yamlmatlab/+yaml/Tests/selftest_report.html
yamlmatlab/+yaml/Tests/selftest_yamlmatlab.m,third_party/yamlmatlab/+yaml/Tests/selftest_yamlmatlab.m
yamlmatlab/+yaml/Tests/test_ReadYaml.m,third_party/yamlmatlab/+yaml/Tests/test_ReadYaml.m
yamlmatlab/+yaml/Tests/test_WriteYaml.m,third_party/yamlmatlab/+yaml/Tests/test_WriteYaml.m
yamlmatlab/+yaml/WriteYaml.m,third_party/yamlmatlab/+yaml/WriteYaml.m
yamlmatlab/+yaml/datadump.m,third_party/yamlmatlab/+yaml/datadump.m
yamlmatlab/+yaml/deflateimports.m,third_party/yamlmatlab/+yaml/deflateimports.m
yamlmatlab/+yaml/disp.m,third_party/yamlmatlab/+yaml/disp.m
yamlmatlab/+yaml/doinheritance.m,third_party/yamlmatlab/+yaml/doinheritance.m
yamlmatlab/+yaml/dosubstitution.m,third_party/yamlmatlab/+yaml/dosubstitution.m
yamlmatlab/+yaml/examples/basics.yaml,third_party/yamlmatlab/+yaml/examples/basics.yaml
yamlmatlab/+yaml/examples/merge.yaml,third_party/yamlmatlab/+yaml/examples/merge.yaml
yamlmatlab/+yaml/external/LICENSE-2.0.txt,third_party/yamlmatlab/+yaml/external/LICENSE-2.0.txt
yamlmatlab/+yaml/external/snakeyaml-1.9.jar,third_party/yamlmatlab/+yaml/external/snakeyaml-1.9.jar
yamlmatlab/+yaml/extras/GetYamlVals.m,third_party/yamlmatlab/+yaml/extras/GetYamlVals.m
yamlmatlab/+yaml/extras/TimeVals2Cell.m,third_party/yamlmatlab/+yaml/extras/TimeVals2Cell.m
yamlmatlab/+yaml/iscolumnvector.m,third_party/yamlmatlab/+yaml/iscolumnvector.m
yamlmatlab/+yaml/ismymatrix.m,third_party/yamlmatlab/+yaml/ismymatrix.m
yamlmatlab/+yaml/isord.m,third_party/yamlmatlab/+yaml/isord.m
yamlmatlab/+yaml/isrowvector.m,third_party/yamlmatlab/+yaml/isrowvector.m
yamlmatlab/+yaml/issingle.m,third_party/yamlmatlab/+yaml/issingle.m
yamlmatlab/+yaml/kwd_parent.m,third_party/yamlmatlab/+yaml/kwd_parent.m
yamlmatlab/+yaml/makematrices.m,third_party/yamlmatlab/+yaml/makematrices.m
yamlmatlab/+yaml/merge_struct.m,third_party/yamlmatlab/+yaml/merge_struct.m
yamlmatlab/+yaml/mergeimports.m,third_party/yamlmatlab/+yaml/mergeimports.m
yamlmatlab/MIT-license.txt,third_party/yamlmatlab/MIT-license.txt
yamlmatlab/README.md,third_party/yamlmatlab/README.md
BioformatsImage/BioformatsImage.m,third_party/BioformatsImage/BioformatsImage.m
BioformatsImage/bfmatlab/NEWS.rst,third_party/BioformatsImage/bfmatlab/NEWS.rst
BioformatsImage/bfmatlab/bfCheckJavaMemory.m,third_party/BioformatsImage/bfmatlab/bfCheckJavaMemory.m
BioformatsImage/bfmatlab/bfCheckJavaPath.m,third_party/BioformatsImage/bfmatlab/bfCheckJavaPath.m
BioformatsImage/bfmatlab/bfGetFileExtensions.m,third_party/BioformatsImage/bfmatlab/bfGetFileExtensions.m
BioformatsImage/bfmatlab/bfGetPlane.m,third_party/BioformatsImage/bfmatlab/bfGetPlane.m
BioformatsImage/bfmatlab/bfGetReader.m,third_party/BioformatsImage/bfmatlab/bfGetReader.m
BioformatsImage/bfmatlab/bfInitLogging.m,third_party/BioformatsImage/bfmatlab/bfInitLogging.m
BioformatsImage/bfmatlab/bfOpen3DVolume.m,third_party/BioformatsImage/bfmatlab/bfOpen3DVolume.m
BioformatsImage/bfmatlab/bfUpgradeCheck.m,third_party/BioformatsImage/bfmatlab/bfUpgradeCheck.m
BioformatsImage/bfmatlab/bfopen.m,third_party/BioformatsImage/bfmatlab/bfopen.m
BioformatsImage/bfmatlab/bfsave.m,third_party/BioformatsImage/bfmatlab/bfsave.m
BioformatsImage/bfmatlab/bioformats_package.jar,third_party/BioformatsImage/bfmatlab/bioformats_package.jar
BioformatsImage/bfmatlab/createMinimalOMEXMLMetadata.m,third_party/BioformatsImage/bfmatlab/createMinimalOMEXMLMetadata.m
BioformatsImage/bfmatlab/private/is_octave.m,third_party/BioformatsImage/bfmatlab/private/is_octave.m
BioformatsImage/functionSignatures.json,third_party/BioformatsImage/functionSignatures.json
P6_analyze_group_averages_and_normalize.m,archive/P6_analyze_group_averages_and_normalize.m
P7_analyze_group_differences.m,archive/P7_analyze_group_differences.m
plot_abs_slice.m,archive/plot_abs_slice.m
plot_diff_slice.m,archive/plot_diff_slice.m
write_diff_video.m,archive/write_diff_video.m
compare_young_vs_adult_lrsum.py,archive/compare_young_vs_adult_lrsum.py
replot_young_vs_adult_lrsum.py,archive/replot_young_vs_adult_lrsum.py
region_means_raw_per_mouse.py,archive/region_means_raw_per_mouse.py
region_ratio_young_vs_adult.py,archive/region_ratio_young_vs_adult.py
plot_region_ratio_young_vs_adult.py,archive/plot_region_ratio_young_vs_adult.py
lr_sum_and_diff.m,archive/lr_sum_and_diff.m
scratch.m,archive/scratch.m
bk/LightSuite.txt,
bk/create_4d_stack.m,
bk/final_normalization.m,
bk/groupstats.m,
bk/loadVolume.m,
bk/lr_sum_and_diff.m,
bk/manual_mask.m,
bk/sort_nat.m,
landmark_refine.m,
landmark_refine_worker.m,
setup_landmark_refine.ps1,
tools/requirements_landmark_refine.txt,
landmark_refine/.gitignore,
landmark_refine/README.md,
landmark_refine/cli.py,
landmark_refine/core.py,
landmark_refine/handler.py,
landmark_refine/requirements.txt,
landmark_refine/serve.py,
landmark_refine/weights/loftr_outdoor.ckpt,
v2_adult_arms.py,mapping/sepmap/adult/arms.py
v2_beyond_controls.py,mapping/sepmap/adult/beyond_controls.py
v2_beyond_density.py,mapping/sepmap/adult/beyond_density.py
v2_beyond_figures.py,mapping/sepmap/adult/beyond_figures.py
v2_beyond_regression.py,mapping/sepmap/adult/beyond_regression.py
v2_cohort.py,mapping/sepmap/volumes/cohort.py
v2_compare.py,mapping/sepmap/young_vs_adult/compare.py
v2_diagnostics.py,mapping/sepmap/diagnostics.py
v2_inspect.py,mapping/sepmap/young_vs_adult/closeup.py
v2_ish_arms.py,mapping/sepmap/ish/arms.py
v2_ish_compare.py,mapping/sepmap/ish/compare.py
v2_ish_panel_test.py,mapping/sepmap/ish/panel_test.py
v2_ish_regions.py,mapping/sepmap/ish/regions.py
v2_ish_reliability.py,mapping/sepmap/ish/reliability.py
v2_ish_roles.py,mapping/sepmap/ish/roles.py
v2_ish_words.py,mapping/sepmap/ish/words.py
v2_panel_build.py,mapping/sepmap/ish/panel_build.py
v2_panel_fetch.py,mapping/sepmap/ish/panel_fetch.py
v2_paths.py,mapping/sepmap/config.py
v2_per_mouse.py,mapping/sepmap/volumes/per_mouse.py
v2_region_groups.py,mapping/sepmap/young_vs_adult/region_groups.py
v2_region_plot.py,mapping/sepmap/young_vs_adult/region_plot.py
v2_replot.py,mapping/sepmap/young_vs_adult/replot.py
v2_sep_channel_check.py,mapping/sepmap/adult/sep_channel_check.py
v2_to_ccf.py,mapping/sepmap/volumes/to_ccf.py
v2_video.py,mapping/sepmap/young_vs_adult/video.py
v2_video_compare.py,mapping/sepmap/young_vs_adult/video_compare.py
,mapping/sepmap/hemispheres.py
,tests/sep_test_path.m
,mapping/sepmap/__init__.py
,mapping/sepmap/volumes/__init__.py
,mapping/sepmap/young_vs_adult/__init__.py
,mapping/sepmap/adult/__init__.py
,mapping/sepmap/ish/__init__.py
,mapping/settings.toml
,mapping/run_adult_arms.py
,mapping/run_beyond_controls.py
,mapping/run_beyond_density.py
,mapping/run_beyond_figures.py
,mapping/run_beyond_regression.py
,mapping/run_closeup.py
,mapping/run_cohort.py
,mapping/run_compare.py
,mapping/run_diagnostics.py
,mapping/run_ish_arms.py
,mapping/run_ish_compare.py
,mapping/run_ish_panel_test.py
,mapping/run_ish_regions.py
,mapping/run_ish_reliability.py
,mapping/run_ish_roles.py
,mapping/run_ish_words.py
,mapping/run_panel_build.py
,mapping/run_panel_fetch.py
,mapping/run_per_mouse.py
,mapping/run_region_groups.py
,mapping/run_region_plot.py
,mapping/run_replot.py
,mapping/run_sep_channel_check.py
,mapping/run_to_ccf.py
,mapping/run_video.py
,mapping/run_video_compare.py
